{
  "method": "Webster",
  "cycle_length": 89.03225806451614,
  "approaches": {
    "NB": {
      "effective_green": 20.772743747734683,
      "arrival_flow_rate": 2880.0,
      "saturation_flow_rate": 3600,
      "green": 20.772743747734683,
      "amber": 3.0,
      "red": 65.25951431678146
    },
    "SB": {
      "effective_green": 19.90721275824574,
      "arrival_flow_rate": 2760.0,
      "saturation_flow_rate": 3600,
      "green": 19.90721275824574,
      "amber": 3.0,
      "red": 66.12504530627041
    },
    "EB": {
      "effective_green": 11.251902863356293,
      "arrival_flow_rate": 1560.0,
      "saturation_flow_rate": 3600,
      "green": 11.251902863356293,
      "amber": 3.0,
      "red": 74.78035520115985
    },
    "WB": {
      "effective_green": 25.100398695179422,
      "arrival_flow_rate": 3480.0,
      "saturation_flow_rate": 3600,
      "green": 25.100398695179422,
      "amber": 3.0,
      "red": 60.93185936933672
    }
  }
}