{
  "cycle_model": {
    "r2_score": 0.9544816952073832,
    "rmse": 8.781574232455155,
    "mae": 2.9251604587932425,
    "test_size": 600,
    "train_size": 2400
  },
  "green_model": {
    "gN": {
      "r2_score": 0.8785969285851954,
      "rmse": 4.90542886188303,
      "mae": 2.4536974491265253
    },
    "gS": {
      "r2_score": 0.9033043616129631,
      "rmse": 4.48022778826138,
      "mae": 2.3207153716490043
    },
    "gE": {
      "r2_score": 0.8957893002916039,
      "rmse": 4.260143643989753,
      "mae": 2.3574309744059603
    },
    "gW": {
      "r2_score": 0.9144525510533505,
      "rmse": 4.254494738889502,
      "mae": 2.4081282681530567
    },
    "test_size": 600,
    "train_size": 2400
  },
  "cycle_feature_importance": {
    "NS": 0.3458880148609774,
    "EW": 0.5444484824174248,
    "hour": 0.007800014621327038,
    "has_event": 0.006467310903519859,
    "is_weekend": 0.001537453052745042,
    "weather_rain": 0.01905232442268306,
    "weather_heavy_rain": 0.021654218759644645,
    "weather_fog": 0.018465865102846226,
    "weather_snow": 0.034686315858831876
  },
  "green_feature_importance": {
    "N": 0.12451592119246678,
    "S": 0.11148156561184289,
    "E": 0.12407886152808915,
    "W": 0.11466658159933973,
    "hour": 0.009338482108267944,
    "has_event": 0.004539323388617283,
    "is_weekend": 0.0027509868370484336,
    "weather_rain": 0.004877112837694623,
    "weather_heavy_rain": 0.008020408858537912,
    "weather_fog": 0.00629420390550176,
    "weather_snow": 0.015054978632876971,
    "NS": 0.20061202123938063,
    "EW": 0.2737695522603359
  },
  "timestamp": "2025-11-17T00:51:06.033272"
}