{
  "method": "ML",
  "cycle_length": 60.15153120229612,
  "approaches": {
    "NB": {
      "effective_green": 17.4843286574554,
      "arrival_flow_rate": 2542.0,
      "saturation_flow_rate": 3600,
      "green": 17.4843286574554,
      "amber": 3.0,
      "red": 39.66720254484072
    },
    "SB": {
      "effective_green": 17.97407856762567,
      "arrival_flow_rate": 2760.0,
      "saturation_flow_rate": 3600,
      "green": 17.97407856762567,
      "amber": 3.0,
      "red": 39.177452634670445
    },
    "WB": {
      "effective_green": 10.510921987961261,
      "arrival_flow_rate": 1500.0,
      "saturation_flow_rate": 3600,
      "green": 10.510921987961261,
      "amber": 3.0,
      "red": 46.64060921433486
    }
  }
}