{
  "ml_metrics": {
    "vehicle_count": 552,
    "avg_delay": 8.840579710144928,
    "avg_waiting_time": 8.840579710144928,
    "avg_travel_time": 52.2481884057971,
    "avg_time_loss": 14.449510869565216,
    "avg_depart_delay": 0.4981521739130436,
    "total_delay": 4880.0,
    "total_waiting_time": 4880.0
  },
  "webster_metrics": {
    "vehicle_count": 551,
    "avg_delay": 8.956442831215972,
    "avg_waiting_time": 8.956442831215972,
    "avg_travel_time": 52.32304900181488,
    "avg_time_loss": 14.547822141560788,
    "avg_depart_delay": 0.4976043557168784,
    "total_delay": 4935.0,
    "total_waiting_time": 4935.0
  },
  "summary": {
    "ml_wins": 4,
    "webster_wins": 1,
    "better_plan": "ML"
  }
}