{
  "vehicle_count": 246,
  "avg_delay": 21.857723577235774,
  "avg_waiting_time": 21.857723577235774,
  "avg_travel_time": 67.28455284552845,
  "avg_time_loss": 34.89861788617886,
  "avg_depart_delay": 0.6006910569105691,
  "total_delay": 5377.0,
  "total_waiting_time": 5377.0
}