{
  "ML": {
    "average_delay": 42.19081272084806,
    "average_waiting_time": 42.19081272084806,
    "average_travel_time": 86.59540636042402,
    "average_time_loss": 48.49259717314488,
    "total_throughput": 566,
    "vehicle_count": 566
  },
  "Webster": {
    "average_delay": 42.93274336283186,
    "average_waiting_time": 42.93274336283186,
    "average_travel_time": 87.39823008849558,
    "average_time_loss": 49.27136283185837,
    "total_throughput": 565,
    "vehicle_count": 565
  },
  "summary": {
    "ml_wins": 4,
    "webster_wins": 1,
    "better_plan": "ML"
  }
}