{
  "vehicle_count": 252,
  "avg_delay": 20.77777777777778,
  "avg_waiting_time": 20.77777777777778,
  "avg_travel_time": 62.01190476190476,
  "avg_time_loss": 30.879523809523825,
  "avg_depart_delay": 0.4193650793650794,
  "total_delay": 5236.0,
  "total_waiting_time": 5236.0
}